{"score": 3.0003456088602327, "_timestamp": 1678866912.3359394, "_runtime": 1.8198285102844238, "_step": 0, "_wandb": {"runtime": 0}}