{"score": 7.000003408769471, "_timestamp": 1678866925.422535, "_runtime": 2.072664976119995, "_step": 0, "_wandb": {"runtime": 0}}