{"num_train_epochs": 2, "accuracy": 3, "_timestamp": 1678865619.2120502, "_runtime": 1.6569111347198486, "_step": 0, "_wandb": {"runtime": 0}}