{"score": 1.0004461746657733, "_timestamp": 1678866958.9328418, "_runtime": 1.532113790512085, "_step": 0, "_wandb": {"runtime": 0}}