{"score": 7.000990923481752, "_timestamp": 1678866890.1446047, "_runtime": 1.4929475784301758, "_step": 0, "_wandb": {"runtime": 0}}