{"score": 0.10264172690414414, "_timestamp": 1678870818.102662, "_runtime": 5.025724172592163, "_step": 0, "_wandb": {"runtime": 0}}