{"score": 1.0000193866401033, "_timestamp": 1678867500.0960126, "_runtime": 1.6448307037353516, "_step": 0, "_wandb": {"runtime": 0}}