{"score": 7.0002419747363644, "_timestamp": 1678866878.0648031, "_runtime": 1.567183017730713, "_step": 0, "_wandb": {"runtime": 0}}