{"score": 1.0006473880025242, "_timestamp": 1678867511.9453864, "_runtime": 1.534043312072754, "_step": 0, "_wandb": {"runtime": 0}}