{"score": 7.000840018629641, "_timestamp": 1678866856.9716854, "_runtime": 1.4526615142822266, "_step": 0, "_wandb": {"runtime": 0}}