{"score": 7.000007402663147, "_timestamp": 1678866946.6308103, "_runtime": 1.4890801906585693, "_step": 0, "_wandb": {"runtime": 0}}