{"score": 1.0002440630700749, "_timestamp": 1678866980.2787445, "_runtime": 1.5405354499816895, "_step": 0, "_wandb": {"runtime": 0}}