{"score": 7.000032532291989, "_timestamp": 1678866844.7120185, "_runtime": 1.6234955787658691, "_step": 0, "_wandb": {"runtime": 0}}