{"num_train_epochs": 1, "_timestamp": 1678879963.2911513, "_runtime": 1.8758811950683594, "_step": 0, "_wandb": {"runtime": 0}}