{"score": 1.000176756645421, "_timestamp": 1678866992.4246883, "_runtime": 1.5112483501434326, "_step": 0, "_wandb": {"runtime": 0}}