{"num_train_epochs": 1, "accuracy": 2, "_timestamp": 1678865597.2771406, "_runtime": 1.6903965473175049, "_step": 0, "_wandb": {"runtime": 0}}