{"num_train_epochs": 2, "_timestamp": 1678879985.9261682, "_runtime": 1.7247052192687988, "_step": 0, "_wandb": {"runtime": 0}}