{"score": 0.19150199021435615, "_timestamp": 1678870802.3018641, "_runtime": 1.6097021102905273, "_step": 0, "_wandb": {"runtime": 0}}